Label,# Samples,Average,Min,Max,Std. Dev.,Error %,Throughput,Received KB/sec,Sent KB/sec,Avg. Bytes
HTTP Request,250,259,60,3904,676.85,0.000%,24.42599,166.74,3.22,6990.0
GET Request,2000,89,57,776,58.98,0.000%,1.18511,8.09,0.16,6990.6
POST Request,2000,175,143,871,67.71,0.000%,1.18515,2.23,0.88,1927.1
PUT Request,2000,181,143,755,72.46,84.200%,1.18529,1.82,0.64,1575.0
DELETE Request,2000,152,142,771,41.47,75.000%,1.18542,1.52,0.26,1309.5
TOTAL,8250,153,57,3904,138.40,38.594%,.40547,1.22,0.16,3073.0
